<?xml version="1.0" encoding="UTF-8" standalone="no"?>
<!--created Thu Jun 19 19:20:51 CEST 2008--><!DOCTYPE treebolic SYSTEM "Treebolic.dtd">

<treebolic focus-on-hover="false" popupmenu="true" statusbar="true" toolbar="true" tooltip="true" xmoveto="0.0" ymoveto="0.0">
  <tree backcolor="f8f8ff" expansion="0.9" fontface="SansSerif" forecolor="000000" orientation="radial" preserve-orientation="true" sweep="1.1">
    <nodes backcolor="ffffff" forecolor="000080" border="true" ellipsize="false">
      <img src="item.png"/>
      <default.treeedge color="000080"/>
      <node id="root">
        <label>animal</label>
        <content><![CDATA[animal]]></content>
        <img src="focus.png"/>
        <node id="animal-0">
          <label>vertébré</label>
          <content><![CDATA[vertébré]]></content>
          <node id="animal-0-0">
            <label>mammifère</label>
            <content><![CDATA[mammifère]]></content>
            <img src="mammifere.png"/>
            <mountpoint now="true">
              <a href="mammal-fr.xml"/>
            </mountpoint>
          </node>
          <node id="animal-0-1">
            <label>oiseau</label>
            <content><![CDATA[oiseau]]></content>
            <img src="oiseau.png"/>
            <mountpoint now="true">
              <a href="bird-fr.xml"/>
            </mountpoint>
          </node>
          <node id="animal-0-2">
            <label>reptile</label>
            <content><![CDATA[reptile]]></content>
            <img src="reptile.png"/>
            <node id="animal-0-2-0">
              <label>saurien</label>
              <content><![CDATA[saurien]]></content>
              <node id="animal-0-2-0-0">
                <label>lacertilien</label>
                <content><![CDATA[lacertilien]]></content>
                <node id="animal-0-2-0-0-0">
                  <label>lézard</label>
                  <content><![CDATA[lézard]]></content>
                </node>
                <node id="animal-0-2-0-0-1">
                  <label>gecko</label>
                  <content><![CDATA[gecko]]></content>
                </node>
                <node id="animal-0-2-0-0-2">
                  <label>seps</label>
                  <content><![CDATA[seps]]></content>
                </node>
                <node id="animal-0-2-0-0-3">
                  <label>orvet</label>
                  <content><![CDATA[orvet]]></content>
                </node>
              </node>
              <node id="animal-0-2-0-1">
                <label>ophidien</label>
                <content><![CDATA[ophidien]]></content>
                <node id="animal-0-2-0-1-0">
                  <label>vipère aspic</label>
                  <content><![CDATA[vipère aspic]]></content>
                </node>
                <node id="animal-0-2-0-1-1">
                  <label>péliade</label>
                  <content><![CDATA[péliade]]></content>
                </node>
                <node id="animal-0-2-0-1-2">
                  <label>couleuvre</label>
                  <content><![CDATA[couleuvre]]></content>
                </node>
              </node>
            </node>
            <node id="animal-0-2-1">
              <label>chélonien</label>
              <content><![CDATA[chélonien]]></content>
              <node id="animal-0-2-1-0">
                <label>tortue grecque</label>
                <content><![CDATA[tortue grecque]]></content>
              </node>
              <node id="animal-0-2-1-1">
                <label>émys</label>
                <content><![CDATA[émys]]></content>
              </node>
              <node id="animal-0-2-1-2">
                <label>luth</label>
                <content><![CDATA[luth]]></content>
              </node>
              <node id="animal-0-2-1-3">
                <label>caret</label>
                <content><![CDATA[caret]]></content>
              </node>
              <node id="animal-0-2-1-4">
                <label>caouane</label>
                <content><![CDATA[caouane]]></content>
              </node>
            </node>
            <node id="animal-0-2-2">
              <label>crocodilien</label>
              <content><![CDATA[ien]]></content>
              <node id="animal-0-2-2-0">
                <label>crocodile</label>
                <content><![CDATA[crocodile]]></content>
              </node>
              <node id="animal-0-2-2-1">
                <label>alligator</label>
                <content><![CDATA[alligator]]></content>
              </node>
              <node id="animal-0-2-2-2">
                <label>caïman</label>
                <content><![CDATA[caïman]]></content>
              </node>
              <node id="animal-0-2-2-3">
                <label>gavial</label>
                <content><![CDATA[gavial]]></content>
              </node>
            </node>
          </node>
          <node id="animal-0-3">
            <label>amphibien</label>
            <content><![CDATA[amphibien]]></content>
            <img src="amphibien.png"/>
            <node id="animal-0-3-0">
              <label>anoure</label>
              <content><![CDATA[anoure]]></content>
              <node id="animal-0-3-0-0">
                <label>crapaud</label>
                <content><![CDATA[crapaud]]></content>
              </node>
              <node id="animal-0-3-0-1">
                <label>pelobate</label>
                <content><![CDATA[pelobate]]></content>
              </node>
              <node id="animal-0-3-0-2">
                <label>pelodyte</label>
                <content><![CDATA[pelodyte]]></content>
              </node>
              <node id="animal-0-3-0-3">
                <label>rainette</label>
                <content><![CDATA[rainette]]></content>
              </node>
              <node id="animal-0-3-0-4">
                <label>grenouille</label>
                <content><![CDATA[grenouille]]></content>
              </node>
            </node>
            <node id="animal-0-3-1">
              <label>urodèle</label>
              <content><![CDATA[urodèle]]></content>
              <node id="animal-0-3-1-0">
                <label>salamandre</label>
                <content><![CDATA[mandre]]></content>
              </node>
              <node id="animal-0-3-1-1">
                <label>triton</label>
                <content><![CDATA[triton]]></content>
              </node>
            </node>
          </node>
          <node id="animal-0-4">
            <label>poisson</label>
            <content><![CDATA[poisson]]></content>
            <img src="poisson.png"/>
            <mountpoint now="true">
              <a href="fish-fr.xml"/>
            </mountpoint>
          </node>
        </node>
        <node id="animal-1">
          <label>invertébré</label>
          <content><![CDATA[invertébré]]></content>
          <node id="animal-1-0">
            <label>arthropode</label>
            <content><![CDATA[arthropode]]></content>
            <node id="animal-1-0-0">
              <node id="animal-1-0-0-0">
                <label>myriapode</label>
                <content><![CDATA[myriapode]]></content>
                <img src="myriapode.png"/>
              </node>
              <node id="animal-1-0-0-1">
                <label>insecte</label>
                <content><![CDATA[insecte]]></content>
                <img src="insecte.png"/>
                <a href="insect-fr.html"/>
                <mountpoint now="true">
                  <a href="insect-fr.xml"/>
                </mountpoint>
              </node>
            </node>
            <node id="animal-1-0-1">
              <label>crustacé</label>
              <content><![CDATA[crustacé]]></content>
              <img src="crustace.png"/>
            </node>
            <node id="animal-1-0-2">
              <label>arachnide</label>
              <content><![CDATA[arachnide]]></content>
              <img src="arachnide.png"/>
            </node>
          </node>
          <node id="animal-1-1">
            <label>mollusque</label>
            <content><![CDATA[mollusque]]></content>
            <node id="animal-1-1-0">
              <label>gastéropode</label>
              <content><![CDATA[gastéropode]]></content>
              <img src="gasteropode.png"/>
            </node>
            <node id="animal-1-1-1">
              <label>céphalopode</label>
              <content><![CDATA[céphalopode]]></content>
              <img src="cephalopode.png"/>
            </node>
            <node id="animal-1-1-2">
              <label>lammellibranche</label>
              <content><![CDATA[lammellibranche]]></content>
              <img src="lammellibranche.png"/>
            </node>
          </node>
          <node id="animal-1-2">
            <label>ver</label>
            <content><![CDATA[ver]]></content>
            <img src="ver.png"/>
          </node>
          <node id="animal-1-3">
            <node id="animal-1-3-0">
              <label>échinoderme</label>
              <content><![CDATA[échinoderme]]></content>
            </node>
            <node id="animal-1-3-1">
              <label>cnidaire</label>
              <content><![CDATA[cnidaire]]></content>
              <img src="cnidaire.png"/>
            </node>
          </node>
        </node>
       </node>
    </nodes>
  </tree>
  <tools>
    <menu>
      <menuitem action="search" match-mode="includes" match-scope="id" match-target="label">
        <label>Rechercher (nom inclut $e)</label>
      </menuitem>
      <menuitem action="search" match-mode="equals" match-scope="id" match-target="id">
        <label>Rechercher (id égale $e)</label>
      </menuitem>
      <menuitem action="search" match-mode="includes" match-scope="id" match-target="content">
        <label>Rechercher (contenu inclut $e)</label>
      </menuitem>
      <menuitem action="goto" match-mode="includes" match-scope="id">
        <label>Aller à mammifères</label>
        <a href="%23mammif%C3%A8re"/>
      </menuitem>
      <menuitem action="goto" match-mode="includes" match-scope="id">
        <label>Aller à oiseaux</label>
        <a href="%23oiseau"/>
      </menuitem>
      <menuitem action="goto" match-mode="includes" match-scope="id">
        <label>Aller à poissons</label>
        <a href="%23poisson"/>
      </menuitem>
      <menuitem action="goto" match-mode="includes" match-scope="id">
        <label>Aller à Anglais</label>
        <a href="animal-en.html"/>
      </menuitem>
    </menu>
  </tools>
</treebolic>
