<?xml version="1.0" encoding="UTF-8" standalone="no"?>
<!--created Tue Jun 17 10:00:27 CEST 2008--><!DOCTYPE treebolic SYSTEM "Treebolic.dtd">

<treebolic toolbar="true" tooltip="true">
  <tree backcolor="48886b" expansion="0.8" forecolor="ccffcc" sweep="1.2">
    <nodes border="true" ellipsize="false" backcolor="48886b" forecolor="ccffcc">
      <img src="item.png"/>
      <node backcolor="ccffcc" forecolor="006666" id="root">
        <label>Anthocerotophyta</label>
        <img src="focus.png"/>
        <node id="anthocerotophyta-0">
          <label>Notothyladaceae</label>
        </node>
        <node id="anthocerotophyta-1">
          <node id="anthocerotophyta-1-0">
            <label>Anthocerotaceae</label>
            <node id="anthocerotophyta-1-0-0">
              <node id="anthocerotophyta-1-0-0-0">
                <label>Anthoceros</label>
              </node>
              <node id="anthocerotophyta-1-0-0-1">
                <node id="anthocerotophyta-1-0-0-1-0">
                  <label>Sphaerosporoceros</label>
                </node>
                <node id="anthocerotophyta-1-0-0-1-1">
                  <node id="anthocerotophyta-1-0-0-1-1-0">
                    <label>Leiosporoceros</label>
                  </node>
                  <node id="anthocerotophyta-1-0-0-1-1-1">
                    <label>Folioceros</label>
                  </node>
                </node>
              </node>
            </node>
            <node id="anthocerotophyta-1-0-1">
              <node id="anthocerotophyta-1-0-1-0">
                <label>Mesoceros</label>
              </node>
              <node id="anthocerotophyta-1-0-1-1">
                <label>Phaeoceros</label>
              </node>
            </node>
          </node>
          <node id="anthocerotophyta-1-1">
            <label>Dendrocerotaceae</label>
            <node id="anthocerotophyta-1-1-0">
              <label>Dendroceros</label>
            </node>
            <node id="anthocerotophyta-1-1-1">
              <label>Megaceros</label>
            </node>
          </node>
        </node>
      </node>
    </nodes>
  </tree>
</treebolic>
