<?xml version="1.0" encoding="UTF-8" standalone="no"?>
<!--created Tue Jun 17 10:01:28 CEST 2008--><!DOCTYPE treebolic SYSTEM "Treebolic.dtd">

<treebolic toolbar="true" tooltip="true">
  <tree backcolor="48886b" expansion="0.8" forecolor="ccffcc" sweep="1.2">
    <nodes border="true" ellipsize="false" backcolor="48886b" forecolor="ccffcc">
      <img src="item.png"/>
      <node backcolor="ccffcc" forecolor="006666" id="root">
        <label>Berberidopsilales</label>
        <img src="focus.png"/>
        <node id="berberidopsilales-0">
          <label>Aextoxicaceae</label>
          <node id="berberidopsilales-0-0">
            <label>Aextoxicon punctatum</label>
            <content><![CDATA[olivillo]]></content>
          </node>
        </node>
        <node id="berberidopsilales-1">
          <label>Berberidopsidaceae</label>
          <node id="berberidopsilales-1-0">
            <label>Berberidopsis corallina</label>
          </node>
          <node id="berberidopsilales-1-1">
            <label>Streptothamnus moorei</label>
          </node>
          <node id="berberidopsilales-1-2">
            <label>Berberidopsis beckleri</label>
          </node>
        </node>
      </node>
    </nodes>
  </tree>
</treebolic>
