<?xml version="1.0" encoding="UTF-8" standalone="no"?>
<!--created Thu Jun 19 19:12:08 CEST 2008--><!DOCTYPE treebolic SYSTEM "Treebolic.dtd">

<treebolic focus-on-hover="false" popupmenu="true" statusbar="true" toolbar="true" tooltip="true" xmoveto="0.0" ymoveto="0.0">
  <tree backcolor="f8f8ff" expansion="0.9" fontface="SansSerif" forecolor="000000" orientation="radial" preserve-orientation="true" sweep="1.1">
    <nodes backcolor="ffffff" forecolor="000080" border="true" ellipsize="false">
      <img src="item.png"/>
      <default.treeedge color="000080"/>
      <node id="root">
        <label>bird</label>
        <content><![CDATA[bird]]></content>
        <img src="oiseau.png"/>
        <node id="bird-0">
          <label>carinate</label>
          <content><![CDATA[carinate]]></content>
          <node id="bird-0-0">
            <label>raptorial</label>
            <content><![CDATA[raptorial]]></content>
            <node id="bird-0-0-0">
              <label>eagle</label>
              <content><![CDATA[eagle]]></content>
            </node>
            <node id="bird-0-0-1">
              <label>buzzard</label>
              <content><![CDATA[buzzard]]></content>
            </node>
            <node id="bird-0-0-2">
              <label>sparrow hawk</label>
              <content><![CDATA[sparrow-hawk]]></content>
            </node>
            <node id="bird-0-0-3">
              <label>hawk</label>
              <content><![CDATA[hawk]]></content>
            </node>
            <node id="bird-0-0-4">
              <label>eagle owl</label>
              <content><![CDATA[eagle-owl]]></content>
            </node>
            <node id="bird-0-0-5">
              <label>owl</label>
              <content><![CDATA[owl]]></content>
            </node>
            <node id="bird-0-0-6">
              <label>barn owl</label>
              <content><![CDATA[barn-owl]]></content>
            </node>
          </node>
          <node id="bird-0-1">
            <label>climber</label>
            <content><![CDATA[climber]]></content>
            <node id="bird-0-1-0">
              <label>woodpecker</label>
              <content><![CDATA[woodpecker]]></content>
            </node>
            <node id="bird-0-1-1">
              <label>wryneck</label>
              <content><![CDATA[wryneck]]></content>
            </node>
            <node id="bird-0-1-2">
              <label>coucou</label>
              <content><![CDATA[coucou]]></content>
            </node>
            <node id="bird-0-1-3">
              <label>ot</label>
              <content><![CDATA[parrot]]></content>
            </node>
            <node id="bird-0-1-4">
              <label>parrakeet</label>
              <content><![CDATA[parrakeet]]></content>
            </node>
          </node>
          <node id="bird-0-2">
            <label>columbine</label>
            <content><![CDATA[columbine]]></content>
            <node id="bird-0-2-0">
              <label>pigeon</label>
              <content><![CDATA[pigeon]]></content>
            </node>
            <node id="bird-0-2-1">
              <label>turtle dove</label>
              <content><![CDATA[turtle-dove]]></content>
            </node>
          </node>
          <node id="bird-0-3">
            <label>gallinaceous</label>
            <content><![CDATA[gallinaceous]]></content>
            <node id="bird-0-3-0">
              <label>hen</label>
              <content><![CDATA[hen]]></content>
            </node>
            <node id="bird-0-3-1">
              <label>partridge</label>
              <content><![CDATA[partridge]]></content>
            </node>
            <node id="bird-0-3-2">
              <label>quail</label>
              <content><![CDATA[quail]]></content>
            </node>
            <node id="bird-0-3-3">
              <label>guinea hen</label>
              <content><![CDATA[guinea hen]]></content>
            </node>
            <node id="bird-0-3-4">
              <label>pheasant</label>
              <content><![CDATA[pheasant]]></content>
            </node>
            <node id="bird-0-3-5">
              <label>turkey</label>
              <content><![CDATA[turkey]]></content>
            </node>
            <node id="bird-0-3-6">
              <label>peacock</label>
              <content><![CDATA[peacock]]></content>
            </node>
          </node>
          <node id="bird-0-4">
            <label>wader</label>
            <content><![CDATA[wader]]></content>
            <node id="bird-0-4-0">
              <label>heron</label>
              <content><![CDATA[heron]]></content>
            </node>
            <node id="bird-0-4-1">
              <label>egret</label>
              <content><![CDATA[egret]]></content>
            </node>
            <node id="bird-0-4-2">
              <label>stork</label>
              <content><![CDATA[stork]]></content>
            </node>
            <node id="bird-0-4-3">
              <label>flamingo</label>
              <content><![CDATA[flamingo]]></content>
            </node>
            <node id="bird-0-4-4">
              <label>coot</label>
              <content><![CDATA[coot]]></content>
            </node>
            <node id="bird-0-4-5">
              <label>woodcock</label>
              <content><![CDATA[woodcock]]></content>
            </node>
            <node id="bird-0-4-6">
              <label>avocet</label>
              <content><![CDATA[avocet]]></content>
            </node>
          </node>
          <node id="bird-0-5">
            <label>palmiped</label>
            <content><![CDATA[palmiped]]></content>
            <node id="bird-0-5-0">
              <label>swan</label>
              <content><![CDATA[swan]]></content>
            </node>
            <node id="bird-0-5-1">
              <label>goose</label>
              <content><![CDATA[goose]]></content>
            </node>
            <node id="bird-0-5-2">
              <label>duck</label>
              <content><![CDATA[duck]]></content>
            </node>
            <node id="bird-0-5-3">
              <label>cormorant</label>
              <content><![CDATA[cormorant]]></content>
            </node>
            <node id="bird-0-5-4">
              <label>pelican</label>
              <content><![CDATA[pelican]]></content>
            </node>
            <node id="bird-0-5-5">
              <label>seagull</label>
              <content><![CDATA[seagull]]></content>
            </node>
            <node id="bird-0-5-6">
              <label>auk</label>
              <content><![CDATA[auk]]></content>
            </node>
            <node id="bird-0-5-7">
              <label>penguin</label>
              <content><![CDATA[penguin]]></content>
            </node>
          </node>
          <node id="bird-0-6">
            <label>passerine</label>
            <content><![CDATA[passerine]]></content>
            <node id="bird-0-6-0">
              <label>finch</label>
              <content><![CDATA[finch]]></content>
            </node>
            <node id="bird-0-6-1">
              <label>sparrow</label>
              <content><![CDATA[sparrow]]></content>
            </node>
            <node id="bird-0-6-2">
              <label>tit</label>
              <content><![CDATA[tit]]></content>
            </node>
            <node id="bird-0-6-3">
              <label>lark</label>
              <content><![CDATA[lark]]></content>
            </node>
            <node id="bird-0-6-4">
              <label>warbler</label>
              <content><![CDATA[warbler]]></content>
            </node>
            <node id="bird-0-6-5">
              <label>swallow</label>
              <content><![CDATA[swallow]]></content>
            </node>
            <node id="bird-0-6-6">
              <label>swift</label>
              <content><![CDATA[swift]]></content>
            </node>
            <node id="bird-0-6-7">
              <label>magpie</label>
              <content><![CDATA[magpie]]></content>
            </node>
            <node id="bird-0-6-8">
              <label>crow</label>
              <content><![CDATA[crow]]></content>
            </node>
          </node>
        </node>
        <node id="bird-1">
          <label>ratite</label>
          <content><![CDATA[ratite]]></content>
          <node id="bird-1-0">
            <label>ostrich</label>
            <content><![CDATA[ostrich]]></content>
          </node>
          <node id="bird-1-1">
            <label>kiwi</label>
            <content><![CDATA[kiwi]]></content>
          </node>
          <node id="bird-1-2">
            <label>cassowary</label>
            <content><![CDATA[cassowary]]></content>
          </node>
          <node id="bird-1-3">
            <label>nandu</label>
            <content><![CDATA[nandu]]></content>
          </node>
        </node>
      </node>
    </nodes>
  </tree>
</treebolic>
