<?xml version="1.0" encoding="UTF-8" standalone="no"?>
<!--created Thu Jun 19 19:12:39 CEST 2008--><!DOCTYPE treebolic SYSTEM "Treebolic.dtd">

<treebolic focus-on-hover="false" popupmenu="true" statusbar="true" toolbar="true" tooltip="true" xmoveto="0.0" ymoveto="0.0">
  <tree backcolor="f8f8ff" expansion="0.9" fontface="SansSerif" forecolor="000000" orientation="radial" preserve-orientation="true" sweep="1.1">
    <nodes backcolor="ffffff" forecolor="000080" border="true" ellipsize="false">
      <img src="item.png"/>
      <default.treeedge color="000080"/>
      <node id="root">
        <label>oiseau</label>
        <content><![CDATA[oiseau]]></content>
        <img src="oiseau.png"/>
        <node id="bird-0">
          <label>carinate</label>
          <content><![CDATA[carinate]]></content>
          <node id="bird-0-0">
            <label>rapace</label>
            <content><![CDATA[rapace]]></content>
            <node id="bird-0-0-0">
              <label>aigle</label>
              <content><![CDATA[aigle]]></content>
            </node>
            <node id="bird-0-0-1">
              <label>buse</label>
              <content><![CDATA[buse]]></content>
            </node>
            <node id="bird-0-0-2">
              <label>épervier</label>
              <content><![CDATA[épervier]]></content>
            </node>
            <node id="bird-0-0-3">
              <label>faucon</label>
              <content><![CDATA[faucon]]></content>
            </node>
            <node id="bird-0-0-4">
              <label>hibou</label>
              <content><![CDATA[hibou]]></content>
            </node>
            <node id="bird-0-0-5">
              <label>chouette</label>
              <content><![CDATA[chouette]]></content>
            </node>
            <node id="bird-0-0-6">
              <label>effraie</label>
              <content><![CDATA[effraie]]></content>
            </node>
          </node>
          <node id="bird-0-1">
            <label>grimpeur</label>
            <content><![CDATA[grimpeur]]></content>
            <node id="bird-0-1-0">
              <label>pic</label>
              <content><![CDATA[pic]]></content>
            </node>
            <node id="bird-0-1-1">
              <label>torcol</label>
              <content><![CDATA[torcol]]></content>
            </node>
            <node id="bird-0-1-2">
              <label>coucou</label>
              <content><![CDATA[coucou]]></content>
            </node>
            <node id="bird-0-1-3">
              <label>perroquet</label>
              <content><![CDATA[perroquet]]></content>
            </node>
            <node id="bird-0-1-4">
              <label>perruche</label>
              <content><![CDATA[perruche]]></content>
            </node>
          </node>
          <node id="bird-0-2">
            <label>colombin</label>
            <content><![CDATA[colombin]]></content>
            <node id="bird-0-2-0">
              <label>pigeon</label>
              <content><![CDATA[pigeon]]></content>
            </node>
            <node id="bird-0-2-1">
              <label>tourterelle</label>
              <content><![CDATA[tourterelle]]></content>
            </node>
          </node>
          <node id="bird-0-3">
            <label>gallinacé</label>
            <content><![CDATA[gallinacé]]></content>
            <node id="bird-0-3-0">
              <label>coq/poule</label>
              <content><![CDATA[coq/poule]]></content>
            </node>
            <node id="bird-0-3-1">
              <label>perdrix</label>
              <content><![CDATA[perdrix]]></content>
            </node>
            <node id="bird-0-3-2">
              <label>caille</label>
              <content><![CDATA[caille]]></content>
            </node>
            <node id="bird-0-3-3">
              <label>pintade</label>
              <content><![CDATA[pintade]]></content>
            </node>
            <node id="bird-0-3-4">
              <label>faisan</label>
              <content><![CDATA[faisan]]></content>
            </node>
            <node id="bird-0-3-5">
              <label>dindon</label>
              <content><![CDATA[dindon]]></content>
            </node>
            <node id="bird-0-3-6">
              <label>paon</label>
              <content><![CDATA[paon]]></content>
            </node>
          </node>
          <node id="bird-0-4">
            <label>échassier</label>
            <content><![CDATA[échassier]]></content>
            <node id="bird-0-4-0">
              <label>héron</label>
              <content><![CDATA[héron]]></content>
            </node>
            <node id="bird-0-4-1">
              <label>aigrette</label>
              <content><![CDATA[aigrette]]></content>
            </node>
            <node id="bird-0-4-2">
              <label>cigogne</label>
              <content><![CDATA[cigogne]]></content>
            </node>
            <node id="bird-0-4-3">
              <label>flamant</label>
              <content><![CDATA[flamant]]></content>
            </node>
            <node id="bird-0-4-4">
              <label>foulque</label>
              <content><![CDATA[foulque]]></content>
            </node>
            <node id="bird-0-4-5">
              <label>bécasse</label>
              <content><![CDATA[bécasse]]></content>
            </node>
            <node id="bird-0-4-6">
              <label>avocette</label>
              <content><![CDATA[tte]]></content>
            </node>
          </node>
          <node id="bird-0-5">
            <label>palmipède</label>
            <content><![CDATA[palmipède]]></content>
            <node id="bird-0-5-0">
              <label>cygne</label>
              <content><![CDATA[cygne]]></content>
            </node>
            <node id="bird-0-5-1">
              <label>oie</label>
              <content><![CDATA[oie]]></content>
            </node>
            <node id="bird-0-5-2">
              <label>canard</label>
              <content><![CDATA[canard]]></content>
            </node>
            <node id="bird-0-5-3">
              <label>cormoran</label>
              <content><![CDATA[cormoran]]></content>
            </node>
            <node id="bird-0-5-4">
              <label>pélican</label>
              <content><![CDATA[pélican]]></content>
            </node>
            <node id="bird-0-5-5">
              <label>mouette</label>
              <content><![CDATA[mouette]]></content>
            </node>
            <node id="bird-0-5-6">
              <label>pingouin</label>
              <content><![CDATA[pingouin]]></content>
            </node>
            <node id="bird-0-5-7">
              <label>manchot</label>
              <content><![CDATA[manchot]]></content>
            </node>
          </node>
          <node id="bird-0-6">
            <label>passereau</label>
            <content><![CDATA[passereau]]></content>
            <node id="bird-0-6-0">
              <label>pinson</label>
              <content><![CDATA[pinson]]></content>
            </node>
            <node id="bird-0-6-1">
              <label>moineau</label>
              <content><![CDATA[moineau]]></content>
            </node>
            <node id="bird-0-6-2">
              <label>mésange</label>
              <content><![CDATA[mésange]]></content>
            </node>
            <node id="bird-0-6-3">
              <label>alouette</label>
              <content><![CDATA[alouette]]></content>
            </node>
            <node id="bird-0-6-4">
              <label>fauvette</label>
              <content><![CDATA[fauvette]]></content>
            </node>
            <node id="bird-0-6-5">
              <label>hirondelle</label>
              <content><![CDATA[hirondelle]]></content>
            </node>
            <node id="bird-0-6-6">
              <label>martinet</label>
              <content><![CDATA[martinet]]></content>
            </node>
            <node id="bird-0-6-7">
              <label>pie</label>
              <content><![CDATA[pie]]></content>
            </node>
            <node id="bird-0-6-8">
              <label>corbeau</label>
              <content><![CDATA[corbeau]]></content>
            </node>
          </node>
        </node>
        <node id="bird-1">
          <label>ratite</label>
          <content><![CDATA[ratite]]></content>
          <node id="bird-1-0">
            <label>autruche</label>
            <content><![CDATA[autruche]]></content>
          </node>
          <node id="bird-1-1">
            <label>kiwi</label>
            <content><![CDATA[kiwi]]></content>
          </node>
          <node id="bird-1-2">
            <label>casoar</label>
            <content><![CDATA[casoar]]></content>
          </node>
          <node id="bird-1-3">
            <label>nandou</label>
            <content><![CDATA[nandou]]></content>
          </node>
        </node>
      </node>
    </nodes>
  </tree>
</treebolic>
