<?xml version="1.0" encoding="UTF-8" standalone="no"?>
<!--created Sat May 31 11:20:02 CEST 2008--><!DOCTYPE treebolic SYSTEM "Treebolic.dtd">

<treebolic toolbar="true" tooltip="true">
  <tree backcolor="48886b" expansion="0.8" forecolor="ccffcc" sweep="1.2">
    <nodes border="true" ellipsize="false" backcolor="48886b" forecolor="ccffcc">
      <img src="item.png"/>
      <node backcolor="ccffcc" forecolor="48886b" id="root">
        <label>Bryopsida</label>
        <content><![CDATA[mosses with arthrodontous peristome]]></content>
        <img src="focus.png"/>
        <node id="bryopsida-0">
          <label>Diphysiales</label>
        </node>
        <node id="bryopsida-1">
          <node id="bryopsida-1-0">
            <label>Funariales</label>
          </node>
          <node id="bryopsida-1-1">
            <node id="bryopsida-1-1-0">
              <label>Timmiales</label>
            </node>
            <node id="bryopsida-1-1-1">
              <node id="bryopsida-1-1-1-0">
                <label>Encalyptales</label>
              </node>
              <node id="bryopsida-1-1-1-1">
                <label>Dicraniidae</label>
                <node id="bryopsida-1-1-1-1-0">
                  <node id="bryopsida-1-1-1-1-0-0">
                    <label>Grimmiales</label>
                  </node>
                  <node id="bryopsida-1-1-1-1-0-1">
                    <label>Seligeriales</label>
                  </node>
                  <node id="bryopsida-1-1-1-1-0-2">
                    <label>Archidiales</label>
                  </node>
                </node>
                <node id="bryopsida-1-1-1-1-1">
                  <node id="bryopsida-1-1-1-1-1-0">
                    <label>Pottiales</label>
                  </node>
                  <node id="bryopsida-1-1-1-1-1-1">
                    <label>Dicranales</label>
                  </node>
                </node>
              </node>
              <node id="bryopsida-1-1-1-2">
                <label>Bryidae</label>
                <node id="bryopsida-1-1-1-2-0">
                  <node id="bryopsida-1-1-1-2-0-0">
                    <label>Orthotrichales</label>
                  </node>
                  <node id="bryopsida-1-1-1-2-0-1">
                    <label>Slachnales</label>
                  </node>
                </node>
                <node id="bryopsida-1-1-1-2-1">
                  <node id="bryopsida-1-1-1-2-1-0">
                    <label>Hedwigiales</label>
                  </node>
                  <node id="bryopsida-1-1-1-2-1-1">
                    <label>Bryales</label>
                  </node>
                  <node id="bryopsida-1-1-1-2-1-2">
                    <node id="bryopsida-1-1-1-2-1-2-0">
                      <label>Rhizogoniales</label>
                    </node>
                    <node id="bryopsida-1-1-1-2-1-2-1">
                      <node id="bryopsida-1-1-1-2-1-2-1-0">
                        <label>Hookeriales</label>
                      </node>
                      <node id="bryopsida-1-1-1-2-1-2-1-1">
                        <label>Hypnales</label>
                      </node>
                    </node>
                  </node>
                </node>
              </node>
            </node>
          </node>
        </node>
      </node>
    </nodes>
    <edges>
      <default.edge color="ccffcc"/>
    </edges>
    <tools>
      <menu/>
    </tools>
  </tree>
</treebolic>
