<?xml version="1.0" encoding="UTF-8" standalone="no"?>
<!--created Tue Jun 17 10:01:57 CEST 2008--><!DOCTYPE treebolic SYSTEM "Treebolic.dtd">

<treebolic toolbar="true" tooltip="true">
  <tree backcolor="48886b" expansion="0.8" forecolor="ccffcc" sweep="1.2">
    <nodes border="true" ellipsize="false" backcolor="48886b" forecolor="ccffcc">
      <img src="item.png"/>
      <node backcolor="ccffcc" forecolor="006666" id="root">
        <label>Bryophyta</label>
        <img src="focus.png"/>
        <node id="bryophyta-0">
          <label>Sphagnopsida</label>
          <content><![CDATA[peat mosses]]></content>
        </node>
        <node id="bryophyta-1">
          <node id="bryophyta-1-0">
            <label>Andreaeopsida</label>
            <content><![CDATA[lantern mosses]]></content>
          </node>
          <node id="bryophyta-1-1">
            <label>Peristomate mosses</label>
            <node id="bryophyta-1-1-0">
              <label>Oedipodiaceae</label>
            </node>
            <node id="bryophyta-1-1-1">
              <label>Plytrichopsida</label>
              <content><![CDATA[hair-cap mosses]]></content>
            </node>
            <node id="bryophyta-1-1-2">
              <node id="bryophyta-1-1-2-0">
                <label>Tetraphidopsida</label>
              </node>
              <node forecolor="00ccff" id="bryophyta-1-1-2-1">
                <label>Bryopsida</label>
                <content><![CDATA[mosses with arthodontous peristome]]></content>
                <img src="&lt;default&gt;"/>
                <mountpoint>
                  <a href="bryopsida.xml"/>
                </mountpoint>
              </node>
            </node>
          </node>
        </node>
      </node>
    </nodes>
  </tree>
</treebolic>
