<?xml version="1.0" encoding="UTF-8" standalone="no"?>
<!--created Tue Jun 17 10:02:15 CEST 2008--><!DOCTYPE treebolic SYSTEM "Treebolic.dtd">

<treebolic toolbar="true" tooltip="true">
  <tree backcolor="48886b" expansion="0.8" forecolor="ccffcc" sweep="1.2">
    <nodes border="true" ellipsize="false" backcolor="48886b" forecolor="ccffcc">
      <img src="item.png"/>
      <node backcolor="ccffcc" forecolor="006666" id="root">
        <label>Caryophyllales</label>
        <img src="focus.png"/>
        <node id="caryophyllales-0">
          <label>Core caryophyllales</label>
        </node>
        <node id="caryophyllales-1">
          <label>Simmondsia chinensis</label>
        </node>
        <node id="caryophyllales-2">
          <label>Rhabdodendron</label>
        </node>
        <node id="caryophyllales-3">
          <node id="caryophyllales-3-0">
            <node id="caryophyllales-3-0-0">
              <label>Frankeniaceae</label>
            </node>
            <node id="caryophyllales-3-0-1">
              <label>Tamaricaceae</label>
            </node>
          </node>
          <node id="caryophyllales-3-1">
            <node id="caryophyllales-3-1-0">
              <label>Polygonaceae</label>
              <content><![CDATA[knotweed family]]></content>
            </node>
            <node id="caryophyllales-3-1-1">
              <label>Plumbaginaceae</label>
            </node>
          </node>
          <node id="caryophyllales-3-2">
            <node id="caryophyllales-3-2-0">
              <label>Dioncophyllaceae</label>
            </node>
            <node id="caryophyllales-3-2-1">
              <label>Ancistrocladus</label>
            </node>
            <node id="caryophyllales-3-2-2">
              <label>Droseraceae</label>
              <content><![CDATA[sundew family]]></content>
            </node>
            <node id="caryophyllales-3-2-3">
              <label>Drosophyllum lusitanicum</label>
            </node>
            <node id="caryophyllales-3-2-4">
              <label>Nepenthaceae</label>
            </node>
          </node>
        </node>
      </node>
    </nodes>
  </tree>
</treebolic>
