<?xml version="1.0" encoding="UTF-8" standalone="no"?>
<!--created Tue Jun 17 10:02:51 CEST 2008--><!DOCTYPE treebolic SYSTEM "Treebolic.dtd">

<treebolic toolbar="true" tooltip="true">
  <tree backcolor="48886b" expansion="0.8" forecolor="ccffcc" sweep="1.2">
    <nodes border="true" ellipsize="false" backcolor="48886b" forecolor="ccffcc">
      <img src="item.png"/>
      <node backcolor="ccffcc" forecolor="006666" id="root">
        <label>Conifers</label>
        <img src="focus.png"/>
        <node id="conifers-0">
          <node id="conifers-0-0">
            <label>Taxaceae</label>
          </node>
          <node id="conifers-0-1">
            <label>Cupressaceae</label>
            <content><![CDATA[(s.l.)]]></content>
          </node>
          <node id="conifers-0-2">
            <label>Cephalotaxaceae</label>
          </node>
        </node>
        <node id="conifers-1">
          <label>Sciadopityaceae</label>
        </node>
        <node id="conifers-2">
          <label>Podocarpaceae</label>
        </node>
        <node id="conifers-3">
          <label>Araucariaceae</label>
        </node>
        <node forecolor="00ccff" id="conifers-4">
          <label>Pinaceae</label>
          <mountpoint>
            <a href="pinaceae.xml"/>
          </mountpoint>
        </node>
      </node>
    </nodes>
  </tree>
</treebolic>
