<?xml version="1.0" encoding="UTF-8" standalone="no"?>
<!--created Tue Jun 17 10:06:20 CEST 2008--><!DOCTYPE treebolic SYSTEM "Treebolic.dtd">

<treebolic toolbar="true" tooltip="true">
  <tree backcolor="48886b" expansion="0.8" forecolor="ccffcc" sweep="1.2">
    <nodes border="true" ellipsize="false" backcolor="48886b" forecolor="ccffcc">
      <img src="item.png"/>
      <node backcolor="ccffcc" forecolor="006666" id="root">
        <label>Cucurbitales</label>
        <img src="focus.png"/>
        <node id="cucurbitales-0">
          <label>Anisophylleaceae</label>
        </node>
        <node id="cucurbitales-1">
          <label>Begoniaceae</label>
          <content><![CDATA[begonia family]]></content>
        </node>
        <node id="cucurbitales-2">
          <label>Coriariaceae</label>
        </node>
        <node id="cucurbitales-3">
          <label>Corynocarpaceae</label>
        </node>
        <node id="cucurbitales-4">
          <label>Cucurbitaceae</label>
          <content><![CDATA[cucurbit family]]></content>
        </node>
        <node id="cucurbitales-5">
          <label>Datiscaceae</label>
        </node>
        <node id="cucurbitales-6">
          <label>Tetramelaceae</label>
        </node>
      </node>
    </nodes>
  </tree>
</treebolic>
