<?xml version="1.0" encoding="UTF-8" standalone="no"?>
<!--created Tue Jun 17 10:07:40 CEST 2008--><!DOCTYPE treebolic SYSTEM "Treebolic.dtd">

<treebolic toolbar="true" tooltip="true">
  <tree backcolor="48886b" expansion="0.8" forecolor="ccffcc" sweep="1.2">
    <nodes border="true" ellipsize="false" backcolor="48886b" forecolor="ccffcc">
      <img src="item.png"/>
      <node backcolor="ccffcc" forecolor="006666" id="root">
        <label>Fabales</label>
        <img src="focus.png"/>
        <node id="Xeec86eb910a5d42a">
          <label>Fabaceae</label>
          <content><![CDATA[legume family]]></content>
        </node>
        <node id="Xc439ff8cb8b7d81a">
          <label>Polygalaceae</label>
          <content><![CDATA[milkwort family, incl. Xanthophyllaceae]]></content>
        </node>
        <node id="X6990047d657d2100">
          <label>Quillajaceae</label>
        </node>
        <node id="Xff9d6fb18f3ecafa">
          <label>Surianaceae</label>
        </node>
      </node>
    </nodes>
  </tree>
</treebolic>
