<?xml version="1.0" encoding="UTF-8" standalone="no"?>
<!--created Tue Jun 17 10:07:52 CEST 2008--><!DOCTYPE treebolic SYSTEM "Treebolic.dtd">

<treebolic toolbar="true" tooltip="true">
  <tree backcolor="48886b" expansion="0.8" forecolor="ccffcc" sweep="1.2">
    <nodes border="true" ellipsize="false" backcolor="48886b" forecolor="ccffcc">
      <img src="item.png"/>
      <node backcolor="ccffcc" forecolor="006666" id="root">
        <label>Fagales</label>
        <img src="focus.png"/>
        <node id="fagales-0">
          <label>Fagaceae</label>
          <content><![CDATA[beech or oak family]]></content>
        </node>
        <node id="fagales-1">
          <label>Nothofagaceae</label>
        </node>
        <node id="fagales-2">
          <node id="fagales-2-0">
            <label>Ticodendraceae</label>
          </node>
          <node id="fagales-2-1">
            <label>Betulaceae</label>
            <content><![CDATA[birch family]]></content>
          </node>
          <node id="fagales-2-2">
            <label>Casuarinaceae</label>
            <content><![CDATA[she-oak family]]></content>
          </node>
          <node id="fagales-2-3">
            <label>Juglandaceae</label>
            <content><![CDATA[walnut family]]></content>
          </node>
          <node id="fagales-2-4">
            <label>Rhoipteleaceae</label>
          </node>
          <node id="fagales-2-5">
            <label>Myricaceae</label>
            <content><![CDATA[bayberry family]]></content>
          </node>
        </node>
      </node>
    </nodes>
  </tree>
</treebolic>
