<?xml version="1.0" encoding="UTF-8" standalone="no"?>
<!--created Thu Jun 19 19:22:37 CEST 2008--><!DOCTYPE treebolic SYSTEM "Treebolic.dtd">

<treebolic focus-on-hover="false" popupmenu="true" statusbar="true" toolbar="true" tooltip="true" xmoveto="0.0" ymoveto="0.0">
  <tree backcolor="f8f8ff" expansion="0.9" fontface="SansSerif" forecolor="000000" orientation="radial" preserve-orientation="true" sweep="1.1">
    <nodes backcolor="ffffff" forecolor="000080" border="true" ellipsize="false">
      <img src="item.png"/>
      <default.treeedge color="000080"/>
      <node id="root">
        <label>poisson</label>
        <content><![CDATA[poisson]]></content>
        <img src="poisson.png"/>
        <node id="fish-0">
          <label>élasmobranche</label>
          <content><![CDATA[élasmobranche]]></content>
          <node id="fish-0-0">
            <label>sélacien</label>
            <content><![CDATA[sélacien]]></content>
            <node id="fish-0-0-0">
              <label>roussette</label>
              <content><![CDATA[roussette]]></content>
            </node>
            <node id="fish-0-0-1">
              <label>requin</label>
              <content><![CDATA[requin]]></content>
            </node>
            <node id="fish-0-0-2">
              <label>raie</label>
              <content><![CDATA[raie]]></content>
            </node>
            <node id="fish-0-0-3">
              <label>torpille</label>
              <content><![CDATA[torpille]]></content>
            </node>
          </node>
          <node id="fish-0-1">
            <label>holocéphale</label>
            <content><![CDATA[holocéphale]]></content>
            <node id="fish-0-1-0">
              <label>chimère</label>
              <content><![CDATA[chimère]]></content>
            </node>
          </node>
          <node id="fish-0-2">
            <label>ganoïde</label>
            <content><![CDATA[ganoïde]]></content>
            <node id="fish-0-2-0">
              <label>esturgeon</label>
              <content><![CDATA[esturgeon]]></content>
            </node>
          </node>
        </node>
        <node id="fish-1">
          <label>téléostome</label>
          <content><![CDATA[téléostome]]></content>
          <node id="fish-1-0">
            <label>hareng</label>
            <content><![CDATA[hareng]]></content>
          </node>
          <node id="fish-1-1">
            <label>sardine</label>
            <content><![CDATA[sardine]]></content>
          </node>
          <node id="fish-1-2">
            <label>truite</label>
            <content><![CDATA[truite]]></content>
          </node>
          <node id="fish-1-3">
            <label>saumon</label>
            <content><![CDATA[saumon]]></content>
          </node>
          <node id="fish-1-4">
            <label>carpe</label>
            <content><![CDATA[carpe]]></content>
          </node>
          <node id="fish-1-5">
            <label>anche</label>
            <content><![CDATA[tanche]]></content>
          </node>
          <node id="fish-1-6">
            <label>gardon</label>
            <content><![CDATA[gardon]]></content>
          </node>
          <node id="fish-1-7">
            <label>brochet</label>
            <content><![CDATA[brochet]]></content>
          </node>
          <node id="fish-1-8">
            <label>anguille</label>
            <content><![CDATA[anguille]]></content>
          </node>
          <node id="fish-1-9">
            <label>morue</label>
            <content><![CDATA[morue]]></content>
          </node>
          <node id="fish-1-10">
            <label>merlan</label>
            <content><![CDATA[merlan]]></content>
          </node>
          <node id="fish-1-11">
            <label>limande</label>
            <content><![CDATA[limande]]></content>
          </node>
          <node id="fish-1-12">
            <label>plie</label>
            <content><![CDATA[plie]]></content>
          </node>
          <node id="fish-1-13">
            <label>sole</label>
            <content><![CDATA[sole]]></content>
          </node>
          <node id="fish-1-14">
            <label>mulet</label>
            <content><![CDATA[mulet]]></content>
          </node>
          <node id="fish-1-15">
            <label>épinoche</label>
            <content><![CDATA[épinoche]]></content>
          </node>
          <node id="fish-1-16">
            <label>hippocampe</label>
            <content><![CDATA[hippocampe]]></content>
          </node>
          <node id="fish-1-17">
            <label>perche</label>
            <content><![CDATA[perche]]></content>
          </node>
          <node id="fish-1-18">
            <label>serran</label>
            <content><![CDATA[serran]]></content>
          </node>
          <node id="fish-1-19">
            <label>dorade</label>
            <content><![CDATA[dorade]]></content>
          </node>
          <node id="fish-1-20">
            <label>rouget</label>
            <content><![CDATA[rouget]]></content>
          </node>
          <node id="fish-1-21">
            <label>maquereau</label>
            <content><![CDATA[maquereau]]></content>
          </node>
          <node id="fish-1-22">
            <label>thon</label>
            <content><![CDATA[thon]]></content>
          </node>
          <node id="fish-1-23">
            <label>rascasse</label>
            <content><![CDATA[rascasse]]></content>
          </node>
          <node id="fish-1-24">
            <label>n</label>
            <content><![CDATA[grondin]]></content>
          </node>
        </node>
        <node id="fish-2">
          <label>dipneuste</label>
          <content><![CDATA[dipneuste]]></content>
          <node id="fish-2-0">
            <label>cératodus</label>
            <content><![CDATA[cératodus]]></content>
          </node>
          <node id="fish-2-1">
            <label>protoptère</label>
            <content><![CDATA[protoptère]]></content>
          </node>
          <node id="fish-2-2">
            <label>lépidosiren</label>
            <content><![CDATA[lépidosiren]]></content>
          </node>
        </node>
      </node>
    </nodes>
  </tree>
</treebolic>
