<?xml version="1.0" encoding="UTF-8" standalone="no"?>
<!--created Thu Jun 19 19:09:56 CEST 2008--><!DOCTYPE treebolic SYSTEM "Treebolic.dtd">

<treebolic focus-on-hover="false" popupmenu="true" statusbar="true" toolbar="true" tooltip="true" xmoveto="0.0" ymoveto="0.0">
  <tree backcolor="f8f8ff" expansion="0.9" fontface="SansSerif" forecolor="000000" orientation="radial" preserve-orientation="true" sweep="1.1">
    <nodes backcolor="ffffff" forecolor="000080" border="true" ellipsize="false">
      <img src="item.png"/>
      <default.treeedge color="000080"/>
      <node id="root">
        <label>fish</label>
        <content><![CDATA[fish
]]></content>
        <img src="poisson.png"/>
        <node id="fish-0">
          <label>elasmobranch</label>
          <content><![CDATA[elasmobranch]]></content>
          <node id="fish-0-0">
            <label>selachian</label>
            <content><![CDATA[selachian]]></content>
            <node id="fish-0-0-0">
              <label>dogfish</label>
              <content><![CDATA[dogfish]]></content>
            </node>
            <node id="fish-0-0-1">
              <label>squale</label>
              <content><![CDATA[squale]]></content>
            </node>
            <node id="fish-0-0-2">
              <label>ray</label>
              <content><![CDATA[ray]]></content>
            </node>
            <node id="fish-0-0-3">
              <label>torpedo</label>
              <content><![CDATA[torpedo]]></content>
            </node>
          </node>
          <node id="fish-0-1">
            <label>holocephaleous</label>
            <content><![CDATA[holocephaleous]]></content>
            <node id="fish-0-1-0">
              <label>chimaera</label>
              <content><![CDATA[chimaera]]></content>
            </node>
          </node>
          <node id="fish-0-2">
            <label>ganoid</label>
            <content><![CDATA[ganoid]]></content>
            <node id="fish-0-2-0">
              <label>sturgeon</label>
              <content><![CDATA[sturgeon]]></content>
            </node>
          </node>
        </node>
        <node id="fish-1">
          <label>teleostomi</label>
          <content><![CDATA[teleostomi]]></content>
          <node id="fish-1-0">
            <label>herring</label>
            <content><![CDATA[herring]]></content>
          </node>
          <node id="fish-1-1">
            <label>sardine</label>
            <content><![CDATA[sardine]]></content>
          </node>
          <node id="fish-1-2">
            <label>trout</label>
            <content><![CDATA[trout]]></content>
          </node>
          <node id="fish-1-3">
            <label>salmon</label>
            <content><![CDATA[salmon]]></content>
          </node>
          <node id="fish-1-4">
            <label>carp</label>
            <content><![CDATA[carp]]></content>
          </node>
          <node id="fish-1-5">
            <label>tench</label>
            <content><![CDATA[tench]]></content>
          </node>
          <node id="fish-1-6">
            <label>roach</label>
            <content><![CDATA[roach]]></content>
          </node>
          <node id="fish-1-7">
            <label>spike</label>
            <content><![CDATA[spike]]></content>
          </node>
          <node id="fish-1-8">
            <label>eel</label>
            <content><![CDATA[eel]]></content>
          </node>
          <node id="fish-1-9">
            <label>cod</label>
            <content><![CDATA[cod]]></content>
          </node>
          <node id="fish-1-10">
            <label>whiting</label>
            <content><![CDATA[whiting]]></content>
          </node>
          <node id="fish-1-11">
            <label>limanda</label>
            <content><![CDATA[limanda]]></content>
          </node>
          <node id="fish-1-12">
            <label>plaice</label>
            <content><![CDATA[plaice]]></content>
          </node>
          <node id="fish-1-13">
            <label>sole</label>
            <content><![CDATA[sole]]></content>
          </node>
          <node id="fish-1-14">
            <label>mullet</label>
            <content><![CDATA[mullet]]></content>
          </node>
          <node id="fish-1-15">
            <label>stickleback</label>
            <content><![CDATA[stickleback]]></content>
          </node>
          <node id="fish-1-16">
            <label>sea-horse</label>
            <content><![CDATA[sea-horse]]></content>
          </node>
          <node id="fish-1-17">
            <label>perch</label>
            <content><![CDATA[perch]]></content>
          </node>
          <node id="fish-1-18">
            <label>serranid</label>
            <content><![CDATA[serranid]]></content>
          </node>
          <node id="fish-1-19">
            <label>chrysophrys</label>
            <content><![CDATA[chrysophrys]]></content>
          </node>
          <node id="fish-1-20">
            <label>red mullet</label>
            <content><![CDATA[red mullet]]></content>
          </node>
          <node id="fish-1-21">
            <label>mackerel</label>
            <content><![CDATA[rel]]></content>
          </node>
          <node id="fish-1-22">
            <label>tuna</label>
            <content><![CDATA[tuna]]></content>
          </node>
          <node id="fish-1-23">
            <label>scorpion fish</label>
            <content><![CDATA[scorpion fish]]></content>
          </node>
          <node id="fish-1-24">
            <label>red gurnet</label>
            <content><![CDATA[red gurnet]]></content>
          </node>
        </node>
        <node id="fish-2">
          <label>dipneusti</label>
          <content><![CDATA[dipneusti]]></content>
          <node id="fish-2-0">
            <label>ceratodus</label>
            <content><![CDATA[ceratodus]]></content>
          </node>
          <node id="fish-2-1">
            <label>protopterous</label>
            <content><![CDATA[protopterous]]></content>
          </node>
          <node id="fish-2-2">
            <label>lepidosiren</label>
            <content><![CDATA[lepidosiren]]></content>
          </node>
        </node>
      </node>
    </nodes>
  </tree>
</treebolic>
