<?xml version="1.0" encoding="UTF-8" standalone="no"?>
<!--created Thu Jun 19 19:13:23 CEST 2008--><!DOCTYPE treebolic SYSTEM "Treebolic.dtd">

<treebolic focus-on-hover="false" popupmenu="true" statusbar="true" toolbar="true" tooltip="true" xmoveto="0.0" ymoveto="0.0">
  <tree backcolor="f8f8ff" expansion="0.9" fontface="SansSerif"  forecolor="000000" orientation="radial" preserve-orientation="true" sweep="1.1">
    <nodes backcolor="ffffff" forecolor="000080" border="true" ellipsize="false">
      <img src="item.png"/>
      <default.treeedge color="000080"/>
      <node id="root">
        <label>insecte</label>
        <content><![CDATA[insecte]]></content>
        <img src="insecte.png"/>
        <node id="insecte-0">
          <label>métamorphose complète</label>
          <content><![CDATA[métamorphose complète]]></content>
          <node id="insecte-0-0">
            <label>coléoptère</label>
            <content><![CDATA[coléoptère]]></content>
            <node id="insecte-0-0-0">
              <label>hanneton</label>
              <content><![CDATA[hanneton]]></content>
            </node>
            <node id="insecte-0-0-1">
              <label>carabe</label>
              <content><![CDATA[carabe]]></content>
            </node>
            <node id="insecte-0-0-2">
              <label>scarabée</label>
              <content><![CDATA[scarabée]]></content>
            </node>
            <node id="insecte-0-0-3">
              <label>hydrophile</label>
              <content><![CDATA[hydrophile]]></content>
            </node>
            <node id="insecte-0-0-4">
              <label>ique</label>
              <content><![CDATA[ique]]></content>
            </node>
            <node id="insecte-0-0-5">
              <label>coccinelle</label>
              <content><![CDATA[coccinelle]]></content>
            </node>
            <node id="insecte-0-0-6">
              <label>cicindelle</label>
              <content><![CDATA[cicindelle]]></content>
            </node>
          </node>
          <node id="insecte-0-1">
            <label>névroptère</label>
            <content><![CDATA[névroptère]]></content>
            <node id="insecte-0-1-0">
              <label>fourmilion</label>
              <content><![CDATA[fourmilion]]></content>
            </node>
            <node id="insecte-0-1-1">
              <label>phrygane</label>
              <content><![CDATA[phrygane]]></content>
            </node>
            <node id="insecte-0-1-2">
              <label>chrysope</label>
              <content><![CDATA[chrysope]]></content>
            </node>
            <node id="insecte-0-1-3">
              <label>panorpe</label>
              <content><![CDATA[panorpe]]></content>
            </node>
          </node>
          <node id="insecte-0-2">
            <label>lépidoptère</label>
            <content><![CDATA[lépidoptère]]></content>
            <node id="insecte-0-2-0">
              <label>papillon</label>
              <content><![CDATA[papillon]]></content>
            </node>
          </node>
          <node id="insecte-0-3">
            <label>diptère</label>
            <content><![CDATA[diptère]]></content>
            <node id="insecte-0-3-0">
              <label>moustique</label>
              <content><![CDATA[moustique]]></content>
            </node>
            <node id="insecte-0-3-1">
              <label>mouche</label>
              <content><![CDATA[mouche]]></content>
            </node>
          </node>
          <node id="insecte-0-4">
            <label>hyménoptère</label>
            <content><![CDATA[hyménoptère]]></content>
            <node id="insecte-0-4-0">
              <label>abeille</label>
              <content><![CDATA[abeille]]></content>
            </node>
            <node id="insecte-0-4-1">
              <label>guêpe</label>
              <content><![CDATA[guêpe]]></content>
            </node>
            <node id="insecte-0-4-2">
              <label>fourmi</label>
              <content><![CDATA[fourmi]]></content>
            </node>
            <node id="insecte-0-4-3">
              <label>sphex</label>
              <content><![CDATA[sphex]]></content>
            </node>
            <node id="insecte-0-4-4">
              <label>ichneumon</label>
              <content><![CDATA[ichneumon]]></content>
            </node>
            <node id="insecte-0-4-5">
              <label>ammophile</label>
              <content><![CDATA[ammophile]]></content>
            </node>
          </node>
          <node id="insecte-0-5">
            <label>aphaniptère</label>
            <content><![CDATA[aphaniptère]]></content>
            <node id="insecte-0-5-0">
              <label>puce</label>
              <content><![CDATA[puce]]></content>
            </node>
          </node>
        </node>
        <node id="insecte-1">
          <label>métamorphose incomplète</label>
          <content><![CDATA[métamorphose incomplète]]></content>
          <node id="insecte-1-0">
            <label>orthoptère</label>
            <content><![CDATA[orthoptère]]></content>
            <node id="insecte-1-0-0">
              <label>criquet</label>
              <content><![CDATA[criquet]]></content>
            </node>
            <node id="insecte-1-0-1">
              <label>grillon</label>
              <content><![CDATA[grillon]]></content>
            </node>
            <node id="insecte-1-0-2">
              <label>sauterelle</label>
              <content><![CDATA[sauterelle]]></content>
            </node>
            <node id="insecte-1-0-3">
              <label>blatte</label>
              <content><![CDATA[blatte]]></content>
            </node>
            <node id="insecte-1-0-4">
              <label>mante religieuse</label>
              <content><![CDATA[mante religieuse]]></content>
            </node>
            <node id="insecte-1-0-5">
              <label>courtilier</label>
              <content><![CDATA[courtilier]]></content>
            </node>
          </node>
          <node id="insecte-1-1">
            <label>dermaptère</label>
            <content><![CDATA[dermaptère]]></content>
            <node id="insecte-1-1-0">
              <label>forficule</label>
              <content><![CDATA[forficule]]></content>
            </node>
          </node>
          <node id="insecte-1-2">
            <label>plécoptère</label>
            <content><![CDATA[plécoptère]]></content>
            <node id="insecte-1-2-0">
              <label>éphémère</label>
              <content><![CDATA[éphémère]]></content>
            </node>
          </node>
          <node id="insecte-1-3">
            <label>odonate</label>
            <content><![CDATA[odonate]]></content>
            <node id="insecte-1-3-0">
              <label>libellule</label>
              <content><![CDATA[libellule]]></content>
            </node>
            <node id="insecte-1-3-1">
              <label>agrion</label>
              <content><![CDATA[agrion]]></content>
            </node>
            <node id="insecte-1-3-2">
              <label>calopteryx</label>
              <content><![CDATA[calopteryx]]></content>
            </node>
          </node>
          <node id="insecte-1-4">
            <label>isoptère</label>
            <content><![CDATA[isoptère]]></content>
            <node id="insecte-1-4-0">
              <label>termite</label>
              <content><![CDATA[termite]]></content>
            </node>
          </node>
          <node id="insecte-1-5">
            <label>hémiptère</label>
            <content><![CDATA[hémiptère]]></content>
            <node id="insecte-1-5-0">
              <label>cigale</label>
              <content><![CDATA[cigale]]></content>
            </node>
            <node id="insecte-1-5-1">
              <label>punaise</label>
              <content><![CDATA[punaise]]></content>
            </node>
            <node id="insecte-1-5-2">
              <label>hydromètre</label>
              <content><![CDATA[hydromètre]]></content>
            </node>
            <node id="insecte-1-5-3">
              <label>nèpe</label>
              <content><![CDATA[nèpe]]></content>
            </node>
            <node id="insecte-1-5-4">
              <label>raratre</label>
              <content><![CDATA[raratre]]></content>
            </node>
            <node id="insecte-1-5-5">
              <label>puceron</label>
              <content><![CDATA[puceron]]></content>
            </node>
            <node id="insecte-1-5-6">
              <label>cochenille</label>
              <content><![CDATA[cochenille]]></content>
            </node>
          </node>
          <node id="insecte-1-6">
            <label>anoploure</label>
            <content><![CDATA[anoploure]]></content>
            <node id="insecte-1-6-0">
              <label>pou</label>
              <content><![CDATA[pou]]></content>
            </node>
          </node>
        </node>
      </node>
    </nodes>
  </tree>
</treebolic>
