<?xml version="1.0" encoding="UTF-8"?>
<!DOCTYPE treebolic SYSTEM "Treebolic.dtd">
<!--created Tue Jun 17 09:58:30 CEST 2008 --><!DOCTYPE treebolic SYSTEM "Treebolic.dtd">

<treebolic toolbar="true" tooltip="true">
	<tree expansion="0.8" sweep="1.2" backcolor="006600" forecolor="ccffcc">
		<nodes border="true" ellipsize="false" backcolor="006600" forecolor="ccffcc">
			<img src="item.png" />
			<node id="root" backcolor="ccffcc" forecolor="006600">
				<label>Leptosporangiate ferns</label>
				<img src="focus.png" />
				<node id="X35a5d00387b111ff">
					<node id="X91aba765eba1a0a9">
						<node id="X45ab2c0f9c3249f3">
							<node id="X80149875c4ccfe40">
								<node id="Xeeee446cfeabb4fd">
									<node id="Xc702106e045d4c2b">
										<node id="Xdc5339fc061641a9">
											<node id="X2c822dd09ff65c0e">
												<node id="X7ecdb8c6679571e3">
													<node id="Xae03f930f2d7f6d">
														<label>Polypodiaceae</label>
													</node>
													<node id="Xb7e1523bc703c1a3">
														<label>Grammitidaceae</label>
													</node>
												</node>
												<node id="X2828668759e89635">
													<label>Davalliaceae</label>
												</node>
											</node>
											<node id="X855df589fd2879a9">
												<label>Nephrolepidaceae</label>
											</node>
										</node>
										<node id="X2025ceef0183f1">
											<label>Dryopteridaceae</label>
										</node>
										<node id="X9350fa6bfcb1fb02">
											<label>Blechnaceae</label>
										</node>
										<node id="Xd55c356d699507">
											<label>Thelypteridaceae</label>
										</node>
										<node id="X9faa340e03b9865b">
											<label>Aspleniaceae</label>
										</node>
									</node>
									<node id="X84fddc459251656d">
										<node id="Xe7f333be19d2beeb">
											<label>Vittariaceae</label>
										</node>
										<node id="X9019b56ae8d7f79c">
											<label>Pteridaceae</label>
										</node>
									</node>
									<node id="Xcc58b2897baa7c5c">
										<label>Dennstaedstiaceae</label>
									</node>
								</node>
								<node id="X9ad18ec1b5349a1">
									<label>Lindsaeaceae</label>
								</node>
							</node>
							<node id="X9ff35b3c178e42a9">
								<node id="X23ee347e93904085">
									<node id="X66a28fe21dcb04de">
										<label>Metaxyaceae</label>
									</node>
									<node id="Xdd4646df9f8baf62">
										<label>Lophosoriaceae</label>
									</node>
									<node id="X3a0d977a37e25de7">
										<label>Loxomataceae</label>
									</node>
									<node id="Xdad8ef770fd71162">
										<label>Dicksoniaceae</label>
									</node>
									<node id="X8b53c233d3eab1b8">
										<label>Cyatheaceae</label>
									</node>
								</node>
								<node id="X1ecc87318b54194">
									<label>Plagiogyriaceae</label>
								</node>
							</node>
							<node id="Xf190cd26753212f5">
								<node id="Xe4e1ec152dbe2563">
									<node id="X2baa7e22d9630bc4">
										<node id="Xfca8efc1021a66f8">
											<label>Azollaceae</label>
										</node>
										<node id="X32e105b967dab680">
											<label>Salviniaceae</label>
										</node>
									</node>
									<node id="X14bc928503139236">
										<label>Hydropteris (†)</label>
									</node>
								</node>
								<node id="Xccc062c186ff262e">
									<label>Marsileaceae</label>
								</node>
							</node>
							<node id="X5c6238026984362">
								<label>Schizaeaceae</label>
							</node>
						</node>
						<node id="Xc32e0b5099875bf5">
							<node id="Xff2565b123655ea">
								<label>Dipteriadaceae</label>
							</node>
							<node id="X6cc5d702c367f55">
								<label>Cheiropleuriaceae</label>
							</node>
						</node>
						<node id="Xbc5d59ad6fa010">
							<label>Matoniaceae</label>
						</node>
					</node>
					<node id="X6f086dc3024919e7">
						<label>Gleicheniaceae</label>
					</node>
					<node id="Xaf788c265afe047a">
						<label>Hymenophyllaceae</label>
					</node>
				</node>
				<node id="X160f525236040040">
					<label>Osmundaceae</label>
				</node>
			</node>
		</nodes>
		<edges treecolor="ccffcc">
		</edges>
	</tree>
	<tools>
		<menu>
		</menu>
	</tools>
</treebolic>