<?xml version="1.0" encoding="UTF-8" standalone="no"?>
<!--created Thu Jun 19 19:23:49 CEST 2008--><!DOCTYPE treebolic SYSTEM "Treebolic.dtd">

<treebolic focus-on-hover="false" popupmenu="true" statusbar="true" toolbar="true" tooltip="true" xmoveto="0.0" ymoveto="0.0">
  <tree backcolor="f8f8ff" expansion="0.9" fontface="SansSerif"  forecolor="000000" orientation="radial" preserve-orientation="true" sweep="1.1">
    <nodes backcolor="ffffff" forecolor="000080" border="true" ellipsize="false">
      <img src="item.png"/>
      <default.treeedge color="000080"/>
      <node id="root">
        <label>mammal</label>
        <content><![CDATA[mammal]]></content>
        <img src="mammifere.png"/>
        <node id="mammal-0">
          <label>eutherian</label>
          <content><![CDATA[eutherian]]></content>
          <node id="mammal-0-0">
            <label>carnivorous</label>
            <content><![CDATA[carnivorous]]></content>
            <node id="mammal-0-0-0">
              <label>cat</label>
              <content><![CDATA[cat]]></content>
            </node>
            <node id="mammal-0-0-1">
              <label>tiger</label>
              <content><![CDATA[tiger]]></content>
            </node>
            <node id="mammal-0-0-2">
              <label>dog</label>
              <content><![CDATA[dog]]></content>
            </node>
            <node id="mammal-0-0-3">
              <label>wolf</label>
              <content><![CDATA[wolf]]></content>
            </node>
            <node id="mammal-0-0-4">
              <label>badger</label>
              <content><![CDATA[badger]]></content>
            </node>
            <node id="mammal-0-0-5">
              <label>weasel</label>
              <content><![CDATA[weasel]]></content>
            </node>
            <node id="mammal-0-0-6">
              <label>bear</label>
              <content><![CDATA[bear]]></content>
            </node>
          </node>
          <node id="mammal-0-1">
            <label>rodent</label>
            <content><![CDATA[rodent]]></content>
            <node id="mammal-0-1-0">
              <label>rat</label>
              <content><![CDATA[rat]]></content>
            </node>
            <node id="mammal-0-1-1">
              <label>mouse</label>
              <content><![CDATA[mouse]]></content>
            </node>
            <node id="mammal-0-1-2">
              <label>squirrel</label>
              <content><![CDATA[squirrel]]></content>
            </node>
            <node id="mammal-0-1-3">
              <label>marmot</label>
              <content><![CDATA[marmot]]></content>
            </node>
            <node id="mammal-0-1-4">
              <label>rabbit</label>
              <content><![CDATA[rabbit]]></content>
            </node>
            <node id="mammal-0-1-5">
              <label>hare</label>
              <content><![CDATA[hare]]></content>
            </node>
          </node>
          <node id="mammal-0-2">
            <label>insectivorous</label>
            <content><![CDATA[insectivorous]]></content>
            <node id="mammal-0-2-0">
              <label>hedgehog</label>
              <content><![CDATA[hedgehog]]></content>
            </node>
            <node id="mammal-0-2-1">
              <label>mole</label>
              <content><![CDATA[mole]]></content>
            </node>
            <node id="mammal-0-2-2">
              <label>shrew</label>
              <content><![CDATA[shrew]]></content>
            </node>
          </node>
          <node id="mammal-0-3">
            <label>ungulate</label>
            <content><![CDATA[ungulate]]></content>
            <node id="mammal-0-3-0">
              <label>elephant</label>
              <content><![CDATA[elephant]]></content>
            </node>
            <node id="mammal-0-3-1">
              <label>rhinoceros</label>
              <content><![CDATA[rhinoceros]]></content>
            </node>
            <node id="mammal-0-3-2">
              <label>horse</label>
              <content><![CDATA[horse]]></content>
            </node>
            <node id="mammal-0-3-3">
              <label>pig</label>
              <content><![CDATA[pig]]></content>
            </node>
            <node id="mammal-0-3-4">
              <label>boar</label>
              <content><![CDATA[boar]]></content>
            </node>
            <node id="mammal-0-3-5">
              <label>hippopotamus</label>
              <content><![CDATA[hippopotamus]]></content>
            </node>
            <node id="mammal-0-3-6">
              <label>bull</label>
              <content><![CDATA[bull]]></content>
            </node>
            <node id="mammal-0-3-7">
              <label>sheep</label>
              <content><![CDATA[sheep]]></content>
            </node>
            <node id="mammal-0-3-8">
              <label>deer</label>
              <content><![CDATA[deer]]></content>
            </node>
          </node>
          <node id="mammal-0-4">
            <label>edentate</label>
            <content><![CDATA[edentate]]></content>
            <node id="mammal-0-4-0">
              <label>armadillo</label>
              <content><![CDATA[armadillo]]></content>
            </node>
            <node id="mammal-0-4-1">
              <label>anteater</label>
              <content><![CDATA[anteater]]></content>
            </node>
            <node id="mammal-0-4-2">
              <label>pangolin</label>
              <content><![CDATA[pangolin]]></content>
            </node>
          </node>
          <node id="mammal-0-5">
            <label>cetacean</label>
            <content><![CDATA[cetacean]]></content>
            <node id="mammal-0-5-0">
              <label>dolphin</label>
              <content><![CDATA[dolphin]]></content>
            </node>
            <node id="mammal-0-5-1">
              <label>porpoise</label>
              <content><![CDATA[porpoise]]></content>
            </node>
            <node id="mammal-0-5-2">
              <label>sperm whale</label>
              <content><![CDATA[sperm-whale]]></content>
            </node>
            <node id="mammal-0-5-3">
              <label>whale</label>
              <content><![CDATA[whale]]></content>
            </node>
          </node>
          <node id="mammal-0-6">
            <label>pinniped</label>
            <content><![CDATA[pinniped]]></content>
            <node id="mammal-0-6-0">
              <label>seal</label>
              <content><![CDATA[seal]]></content>
            </node>
            <node id="mammal-0-6-1">
              <label>morse</label>
              <content><![CDATA[morse]]></content>
            </node>
            <node id="mammal-0-6-2">
              <label>sea-lion</label>
              <content><![CDATA[sea-lion]]></content>
            </node>
          </node>
          <node id="mammal-0-7">
            <label>chiropteran</label>
            <content><![CDATA[chiropteran]]></content>
            <node id="mammal-0-7-0">
              <label>bat</label>
              <content><![CDATA[bat]]></content>
            </node>
          </node>
          <node id="mammal-0-8">
            <label>primate</label>
            <content><![CDATA[primate]]></content>
            <node id="mammal-0-8-0">
              <label>lemurian</label>
              <content><![CDATA[lemurian]]></content>
            </node>
            <node id="mammal-0-8-1">
              <label>monkey</label>
              <content><![CDATA[monkey]]></content>
            </node>
            <node id="mammal-0-8-2">
              <label>hominian</label>
              <content><![CDATA[hominian]]></content>
            </node>
          </node>
          <node id="mammal-0-9">
            <label>sirenian</label>
            <content><![CDATA[sirenian]]></content>
            <node id="mammal-0-9-0">
              <label>sea-cow</label>
              <content><![CDATA[sea-cow]]></content>
            </node>
          </node>
        </node>
        <node id="mammal-1">
          <label>metatherian</label>
          <content><![CDATA[metatherian]]></content>
          <node id="mammal-1-0">
            <label>kangaroo</label>
            <content><![CDATA[kangaroo]]></content>
          </node>
          <node id="mammal-1-1">
            <label>opposum</label>
            <content><![CDATA[opposum]]></content>
          </node>
        </node>
        <node id="mammal-2">
          <label>protherian</label>
          <content><![CDATA[protherian]]></content>
          <node id="mammal-2-0">
            <label>platypus</label>
            <content><![CDATA[platypus]]></content>
          </node>
          <node id="mammal-2-1">
            <label>echidna</label>
            <content><![CDATA[echidna]]></content>
          </node>
        </node>
      </node>
    </nodes>
  </tree>
</treebolic>
