<?xml version="1.0" encoding="UTF-8" standalone="no"?>
<!--created Tue Jun 17 10:09:41 CEST 2008--><!DOCTYPE treebolic SYSTEM "Treebolic.dtd">

<treebolic toolbar="true" tooltip="true">
  <tree backcolor="48886b" expansion="0.8" forecolor="ccffcc" sweep="1.2">
    <nodes border="true" ellipsize="false" backcolor="48886b" forecolor="ccffcc">
      <img src="item.png"/>
      <node backcolor="ccffcc" forecolor="006666" id="root">
        <label>Oxalidales</label>
        <img src="focus.png"/>
        <node id="oxalidales-0">
          <label>Brunellia</label>
        </node>
        <node id="oxalidales-1">
          <label>Cephalotus follicularis</label>
          <content><![CDATA[Albany pitcher plant]]></content>
        </node>
        <node id="oxalidales-2">
          <label>Cunioniaceae</label>
        </node>
        <node id="oxalidales-3">
          <label>Elaeocarpaceae</label>
          <content><![CDATA[incl. Tremandraceae]]></content>
          <node id="oxalidales-3-0">
            <label>Elaeocarpaceae-0</label>
          </node>
        </node>
        <node id="oxalidales-4">
          <node id="oxalidales-4-0">
            <label>Connaraceae</label>
          </node>
          <node id="oxalidales-4-1">
            <label>Oxalidaceae</label>
            <content><![CDATA[wood sorrel family]]></content>
          </node>
        </node>
      </node>
    </nodes>
  </tree>
</treebolic>
