<?xml version="1.0" encoding="UTF-8" standalone="no"?>
<!--created Tue Jun 17 09:54:22 CEST 2008--><!DOCTYPE treebolic SYSTEM "Treebolic.dtd">

<treebolic popupmenu="true" toolbar="true" tooltip="true">
  <tree backcolor="48886b" fontface="SansSerif" fontsize="18">
    <nodes border="true" ellipsize="false" backcolor="48886b" forecolor="ccffcc">
      <img src="item.png"/>
      <default.treeedge color="ccffcc" toterminator="tf"/>
      <node backcolor="ccffcc" forecolor="006600" id="root">
        <label>Green plants</label>
        <content><![CDATA[include all organisms commonly known as green algae and land plants]]></content>
        <img src="focus.png"/>
        <node id="plantae-0">
          <label>Prasinophytes</label>
        </node>
        <node id="plantae-1">
          <node id="plantae-1-0">
            <node id="plantae-1-0-0">
              <label>Chlorophyceae</label>
            </node>
            <node id="plantae-1-0-1">
              <label>Trebouxiophyceae</label>
            </node>
          </node>
          <node id="plantae-1-1">
            <label>Ulvophyceae</label>
          </node>
        </node>
        <node id="plantae-2">
          <label>Streptophyta</label>
          <node id="plantae-2-0">
            <label>Chlorokybales</label>
          </node>
          <node id="plantae-2-1">
            <node id="plantae-2-1-0">
              <label>Klebsormidiales</label>
            </node>
            <node id="plantae-2-1-1">
              <node forecolor="99ccff" id="plantae-2-1-1-0">
                <label>Zygnematales</label>
                <mountpoint>
                  <a href="zygnematales.xml"/>
                </mountpoint>
              </node>
              <node id="plantae-2-1-1-1">
                <node forecolor="99ccff" id="plantae-2-1-1-1-0">
                  <label>Charales</label>
                  <mountpoint>
                    <a href="charales.xml"/>
                  </mountpoint>
                </node>
                <node id="plantae-2-1-1-1-1">
                  <label>Coleochaetales</label>
                </node>
                <node id="plantae-2-1-1-1-2">
                  <label>Embryophytes</label>
                  <content><![CDATA[Land plants]]></content>
                  <node id="plantae-2-1-1-1-2-0">
                    <label>Marchantiomorpha</label>
                    <content><![CDATA[Liverworts]]></content>
                  </node>
                  <node id="plantae-2-1-1-1-2-1">
                    <node forecolor="99ccff" id="plantae-2-1-1-1-2-1-0">
                      <label>Anthocerotophyta</label>
                      <content><![CDATA[Hornworts]]></content>
                      <mountpoint>
                        <a href="anthocerotophyta.xml"/>
                      </mountpoint>
                    </node>
                    <node id="plantae-2-1-1-1-2-1-1">
                      <node forecolor="99ccff" id="plantae-2-1-1-1-2-1-1-0">
                        <label>Bryophyta</label>
                        <content><![CDATA[Mosses]]></content>
                        <mountpoint>
                          <a href="bryophyta.xml"/>
                        </mountpoint>
                      </node>
                      <node id="plantae-2-1-1-1-2-1-1-1">
                        <node id="plantae-2-1-1-1-2-1-1-1-0">
                          <label>Hornophytopsida (†)</label>
                        </node>
                        <node id="plantae-2-1-1-1-2-1-1-1-1">
                          <node id="plantae-2-1-1-1-2-1-1-1-1-0">
                            <label>Aglaophyton major (†)</label>
                          </node>
                          <node id="plantae-2-1-1-1-2-1-1-1-1-1">
                            <node id="plantae-2-1-1-1-2-1-1-1-1-1-0">
                              <label>Rhyniopsida (†)</label>
                            </node>
                            <node id="plantae-2-1-1-1-2-1-1-1-1-1-1">
                              <node id="plantae-2-1-1-1-2-1-1-1-1-1-1-0">
                                <label>Lycopsida</label>
                                <content><![CDATA[Lycophytes]]></content>
                              </node>
                              <node id="plantae-2-1-1-1-2-1-1-1-1-1-1-1">
                                <node id="plantae-2-1-1-1-2-1-1-1-1-1-1-1-0">
                                  <node id="plantae-2-1-1-1-2-1-1-1-1-1-1-1-0-0">
                                    <label>Eophyllopphyton bellum (†)</label>
                                  </node>
                                  <node id="plantae-2-1-1-1-2-1-1-1-1-1-1-1-0-1">
                                    <label>Psilophyton dawsonii</label>
                                  </node>
                                </node>
                                <node id="plantae-2-1-1-1-2-1-1-1-1-1-1-1-1">
                                  <node id="plantae-2-1-1-1-2-1-1-1-1-1-1-1-1-0">
                                    <node id="plantae-2-1-1-1-2-1-1-1-1-1-1-1-1-0-0">
                                      <label>Cladoxylopsida (†)</label>
                                    </node>
                                    <node id="plantae-2-1-1-1-2-1-1-1-1-1-1-1-1-0-1">
                                      <label>Equisetopsida</label>
                                      <content><![CDATA[Horsetails, Sphenophytes]]></content>
                                    </node>
                                    <node forecolor="00ccff" id="plantae-2-1-1-1-2-1-1-1-1-1-1-1-1-0-2">
                                      <label>Filicopsida</label>
                                      <content><![CDATA[Ferns]]></content>
                                      <mountpoint>
                                        <a href="filicopsida.xml"/>
                                      </mountpoint>
                                    </node>
                                  </node>
                                  <node id="plantae-2-1-1-1-2-1-1-1-1-1-1-1-1-1">
                                    <node id="plantae-2-1-1-1-2-1-1-1-1-1-1-1-1-1-0">
                                      <label>Pertica varia (†)</label>
                                    </node>
                                    <node id="plantae-2-1-1-1-2-1-1-1-1-1-1-1-1-1-1">
                                      <node id="plantae-2-1-1-1-2-1-1-1-1-1-1-1-1-1-1-0">
                                        <label>Aneurophytales (†)</label>
                                      </node>
                                      <node id="plantae-2-1-1-1-2-1-1-1-1-1-1-1-1-1-1-1">
                                        <label>Archaeopteridales (†)</label>
                                      </node>
                                      <node id="plantae-2-1-1-1-2-1-1-1-1-1-1-1-1-1-1-2">
                                        <label>Protopityales (†)</label>
                                      </node>
                                      <node forecolor="99ccff" id="plantae-2-1-1-1-2-1-1-1-1-1-1-1-1-1-1-3">
                                        <label>Spermatopsida</label>
                                        <content><![CDATA[Seed plants]]></content>
                                        <mountpoint>
                                          <a href="spermatopsida.xml"/>
                                        </mountpoint>
                                      </node>
                                    </node>
                                  </node>
                                </node>
                              </node>
                            </node>
                          </node>
                        </node>
                      </node>
                    </node>
                  </node>
                </node>
              </node>
            </node>
          </node>
        </node>
      </node>
    </nodes>
  </tree>
  <tools>
    <menu>
      <menuitem action="goto" match-mode="includes" match-scope="id">
        <label>Go to '$l' web</label>
        <a href="http%3A%2F%2Ftolweb.org%2Ftree%3Fgroup%3D$l"/>
      </menuitem>
      <menuitem action="search" match-mode="startswith" match-scope="label" match-target="$e">
        <label>Search for item with label $e</label>
      </menuitem>
      <menuitem action="search" match-mode="equals" match-scope="label" match-target="Spermatopsida">
        <label>Go to plants with seed</label>
      </menuitem>
    </menu>
  </tools>
</treebolic>
