<?xml version="1.0" encoding="UTF-8" standalone="no"?>
<!--created Tue Jun 17 10:10:37 CEST 2008--><!DOCTYPE treebolic SYSTEM "Treebolic.dtd">

<treebolic toolbar="true" tooltip="true">
  <tree backcolor="48886b" expansion="0.8" forecolor="ccffcc" sweep="1.2">
    <nodes border="true" ellipsize="false" backcolor="48886b" forecolor="ccffcc">
      <img src="item.png"/>
      <node backcolor="ccffcc" forecolor="006666" id="root">
        <label>Ranunculales</label>
        <img src="focus.png"/>
        <node id="ranunculales-0">
          <label>Papaveraceae</label>
          <content><![CDATA[poppy family]]></content>
        </node>
        <node id="ranunculales-1">
          <label>Euptelea</label>
        </node>
        <node id="ranunculales-2">
          <node id="ranunculales-2-0">
            <label>Circaeasteraceae</label>
          </node>
          <node id="ranunculales-2-1">
            <label>Lardizabalaceae</label>
          </node>
          <node id="ranunculales-2-2">
            <node id="ranunculales-2-2-0">
              <label>Menispermaceae</label>
              <content><![CDATA[mooseed family]]></content>
            </node>
            <node id="ranunculales-2-2-1">
              <node id="ranunculales-2-2-1-0">
                <label>Berberidaceae</label>
                <content><![CDATA[barberry family]]></content>
              </node>
              <node id="ranunculales-2-2-1-1">
                <label>Ranunculaceae</label>
                <content><![CDATA[buttercup family]]></content>
              </node>
            </node>
          </node>
        </node>
      </node>
    </nodes>
  </tree>
</treebolic>
