<?xml version="1.0" encoding="UTF-8" standalone="no"?>
<!--created Tue Jun 17 10:10:50 CEST 2008--><!DOCTYPE treebolic SYSTEM "Treebolic.dtd">

<treebolic toolbar="true" tooltip="true">
  <tree backcolor="48886b" expansion="0.8" forecolor="ccffcc" sweep="1.2">
    <nodes border="true" ellipsize="false" backcolor="48886b" forecolor="ccffcc">
      <img src="item.png"/>
      <node backcolor="ccffcc" forecolor="006666" id="root">
        <label>Rosales</label>
        <img src="focus.png"/>
        <node id="X2707bd8c31a11d76">
          <label>Barbeyaceae</label>
        </node>
        <node id="Xd057398f6660a9d4">
          <label>Dirachmaceae</label>
        </node>
        <node id="X2e682427157f7eba">
          <label>Elaeagnaceae</label>
        </node>
        <node id="X84101a021fe44958">
          <label>Rhamnaceae</label>
          <content><![CDATA[buckthorn family]]></content>
        </node>
        <node id="X9114b1dcab94b325">
          <label>Rosaceae</label>
          <content><![CDATA[rose family]]></content>
        </node>
        <node id="X45a2f89cbfee0b80">
          <node id="X85e6a0f2938f4542">
            <label>Ulmaceae</label>
            <content><![CDATA[elm family]]></content>
          </node>
          <node id="Xcc04dceac625a283">
            <label>Celtidaceae</label>
            <content><![CDATA[hackberry family]]></content>
          </node>
          <node id="X70fb01fecce0e620">
            <label>Cannabaceae</label>
            <content><![CDATA[cannabis family]]></content>
          </node>
          <node id="X3934ecb3bbb6c1be">
            <label>Urticaceae</label>
            <content><![CDATA[nettle family]]></content>
          </node>
          <node id="Xb65ba6cc6de34865">
            <label>Moraceae</label>
            <content><![CDATA[mulberry or fig family]]></content>
          </node>
          <node id="X8031ab82f97dc0e8">
            <label>Cecropiaceae</label>
          </node>
        </node>
      </node>
    </nodes>
  </tree>
</treebolic>
