<?xml version="1.0" encoding="UTF-8" standalone="no"?>
<!--created Tue Jun 17 10:11:19 CEST 2008--><!DOCTYPE treebolic SYSTEM "Treebolic.dtd">

<treebolic popupmenu="true" toolbar="true" tooltip="true">
  <tree backcolor="48886b" fontface="SansSerif" fontsize="18">
    <nodes border="true" ellipsize="false" backcolor="48886b" forecolor="ccffcc">
      <img src="item.png"/>
      <node backcolor="ccffcc" forecolor="006666" id="root">
        <label>Rosids</label>
        <img src="focus.png"/>
        <node id="rosids-0">
          <label>Eurosids I</label>
          <node forecolor="33ccff" id="rosids-0-0">
            <label>Fagales</label>
            <mountpoint>
              <a href="fagales.xml"/>
            </mountpoint>
          </node>
          <node forecolor="33ccff" id="rosids-0-1">
            <label>Cucurbitales</label>
            <mountpoint>
              <a href="cucurbitales.xml"/>
            </mountpoint>
          </node>
          <node forecolor="33ccff" id="rosids-0-2">
            <label>Rosales</label>
            <mountpoint>
              <a href="rosales.xml"/>
            </mountpoint>
          </node>
          <node forecolor="33ccff" id="rosids-0-3">
            <label>Fabales</label>
            <mountpoint>
              <a href="fabales.xml"/>
            </mountpoint>
          </node>
          <node id="rosids-0-4">
            <label>Zygophyllales</label>
          </node>
          <node forecolor="33ccff" id="rosids-0-5">
            <label>Oxalidales</label>
            <mountpoint>
              <a href="oxalidales.xml"/>
            </mountpoint>
          </node>
          <node id="rosids-0-6">
            <label>Malpighiales</label>
          </node>
          <node id="rosids-0-7">
            <label>Celastrales</label>
          </node>
          <node id="rosids-0-8">
            <label>Huaceae</label>
          </node>
        </node>
        <node id="rosids-1">
          <label>Icacicinaceae</label>
        </node>
        <node id="rosids-2">
          <label>Aphloia theiformis</label>
        </node>
        <node id="rosids-3">
          <node id="rosids-3-0">
            <label>Picramnia</label>
          </node>
          <node id="rosids-3-1">
            <label>Alvaradoa</label>
          </node>
        </node>
        <node id="rosids-4">
          <label>Geraniales</label>
        </node>
        <node id="rosids-5">
          <label>Crossosomatales</label>
        </node>
        <node id="rosids-6">
          <label>Strasbugeria robusta</label>
        </node>
        <node id="rosids-7">
          <label>Ixerba brexioides</label>
        </node>
        <node id="rosids-8">
          <label>Geissoloma marginatum</label>
        </node>
        <node id="rosids-9">
          <label>Myrtales</label>
        </node>
        <node id="rosids-10">
          <label>Eurosids II</label>
          <node id="rosids-10-0">
            <label>Tapiscia marginatum</label>
          </node>
          <node id="rosids-10-1">
            <label>Malvales</label>
          </node>
          <node id="rosids-10-2">
            <label>Sapindales</label>
          </node>
        </node>
      </node>
    </nodes>
  </tree>
  <tools>
  </tools>
</treebolic>
