<?xml version="1.0" encoding="UTF-8" standalone="no"?>
<!--created Tue Jun 17 10:12:01 CEST 2008--><!DOCTYPE treebolic SYSTEM "Treebolic.dtd">

<treebolic toolbar="true" tooltip="true">
  <tree backcolor="48886b" expansion="0.8" forecolor="ccffcc" sweep="1.2">
    <nodes border="true" ellipsize="false" backcolor="48886b" forecolor="ccffcc">
      <img src="item.png"/>
      <node backcolor="ccffcc" forecolor="006666" id="root">
        <label>Saxifragales</label>
        <img src="focus.png"/>
        <node id="saxifragales-0">
          <label>Cercidiphyllum</label>
        </node>
        <node id="saxifragales-1">
          <label>Hamamelidaceae</label>
          <content><![CDATA[witch hazel family]]></content>
        </node>
        <node id="saxifragales-2">
          <label>Paeonia</label>
        </node>
        <node id="saxifragales-3">
          <label>Daphniphyllum</label>
        </node>
        <node id="saxifragales-4">
          <label>Altingiaceae</label>
          <content><![CDATA[sweet gum family]]></content>
        </node>
        <node id="saxifragales-5">
          <node id="saxifragales-5-0">
            <label>Crassulaceae</label>
            <content><![CDATA[stonecrop family]]></content>
          </node>
          <node id="saxifragales-5-1">
            <label>Haloragaceae alliance</label>
            <node id="saxifragales-5-1-0">
              <label>Aphanopetalum</label>
            </node>
            <node id="saxifragales-5-1-1">
              <node id="saxifragales-5-1-1-0">
                <label>Tetracarpae tasmanica</label>
              </node>
              <node id="saxifragales-5-1-1-1">
                <node id="saxifragales-5-1-1-1-0">
                  <label>Haloragaceae</label>
                </node>
                <node id="saxifragales-5-1-1-1-1">
                  <label>Penthorum</label>
                </node>
              </node>
            </node>
          </node>
        </node>
        <node id="saxifragales-6">
          <label>Saxifragaceae alliance</label>
          <node id="saxifragales-6-0">
            <node id="saxifragales-6-0-0">
              <label>Saxifragaceae</label>
            </node>
            <node id="saxifragales-6-0-1">
              <label>Grossulariaceacea</label>
              <content><![CDATA[currants and gooseberries]]></content>
            </node>
          </node>
          <node id="saxifragales-6-1">
            <node id="saxifragales-6-1-0">
              <label>Iteaceae</label>
            </node>
            <node id="saxifragales-6-1-1">
              <label>Pterostemon</label>
            </node>
          </node>
        </node>
      </node>
    </nodes>
  </tree>
</treebolic>
