<?xml version="1.0" encoding="UTF-8" standalone="no"?>
<!--created Tue Jun 17 09:58:30 CEST 2008--><!DOCTYPE treebolic SYSTEM "Treebolic.dtd">

<treebolic toolbar="true" tooltip="true">
  <tree backcolor="48886b" expansion="0.8" forecolor="ccffcc" sweep="1.2">
    <nodes border="true" ellipsize="false" backcolor="48886b" forecolor="ccffcc">
      <img src="item.png"/>
      <node backcolor="ccffcc" forecolor="006666" id="root">
        <label>Zygnematales</label>
        <content><![CDATA[The order Zygnematales comprises the conjugating green algae. This order is the largest and most diverse of the living groups of green algae in the Streptophyta.]]></content>
        <img src="focus.png"/>
        <node id="zygnemataceae-0">
          <node id="zygnemataceae-0-0">
            <label>Zygnemataceae</label>
          </node>
          <node id="zygnemataceae-0-1">
            <label>Mesotaeniaceae</label>
          </node>
        </node>
        <node id="zygnemataceae-1">
          <node id="zygnemataceae-1-0">
            <node id="zygnemataceae-1-0-0">
              <label>Gonatozygaceae</label>
            </node>
            <node id="zygnemataceae-1-0-1">
              <label>Closteriaceae</label>
            </node>
            <node id="zygnemataceae-1-0-2">
              <label>Peniaceae</label>
            </node>
          </node>
          <node id="zygnemataceae-1-1">
            <label>Desmidiaceae</label>
          </node>
        </node>
      </node>
    </nodes>
  </tree>
</treebolic>
